GHO (CODE),GHO (DISPLAY),GHO (URL),PUBLISHSTATE (CODE),PUBLISHSTATE (DISPLAY),PUBLISHSTATE (URL),YEAR (CODE),YEAR (DISPLAY),YEAR (URL),REGION (CODE),REGION (DISPLAY),REGION (URL),COUNTRY (CODE),STARTYEAR,ENDYEAR,COUNTRY (DISPLAY),COUNTRY (URL),AGEGROUP (CODE),AGEGROUP (DISPLAY),AGEGROUP (URL),SEX (CODE),SEX (DISPLAY),SEX (URL),Display Value,Numeric,Low,High,StdErr,StdDev,Comments
#indicator+code,#indicator+name,#indicator+url,#status+code,#status+name,,,#date+year,,#region+code,#region+name,,#country+code,#date+year+start,#date+year+end,#country+name,,,,,#sex+code,#sex+name,,,#indicator+value+num,,,,,
CHILDMORT10TO19,Adolescent mortality rate (per 1 000 age specific cohort),,PUBLISHED,Published,,1990,1990,,EUR,Europe,,CYP,1990,1990,Cyprus,,YEARS10-14,10-14 years of age,,FMLE,Female,,0.57 [0.33-0.83],0.56898,0.32667,0.83448,,,
CHILDMORT10TO19,Adolescent mortality rate (per 1 000 age specific cohort),,PUBLISHED,Published,,1991,1991,,EUR,Europe,,CYP,1991,1991,Cyprus,,YEARS10-14,10-14 years of age,,FMLE,Female,,0.57 [0.35-0.81],0.57304,0.35188,0.81399,,,
CHILDMORT10TO19,Adolescent mortality rate (per 1 000 age specific cohort),,PUBLISHED,Published,,1992,1992,,EUR,Europe,,CYP,1992,1992,Cyprus,,YEARS10-14,10-14 years of age,,FMLE,Female,,0.58 [0.37-0.8],0.57850,0.37444,0.80072,,,
CHILDMORT10TO19,Adolescent mortality rate (per 1 000 age specific cohort),,PUBLISHED,Published,,1993,1993,,EUR,Europe,,CYP,1993,1993,Cyprus,,YEARS10-14,10-14 years of age,,FMLE,Female,,0.59 [0.4-0.79],0.58543,0.39632,0.79286,,,
CHILDMORT10TO19,Adolescent mortality rate (per 1 000 age specific cohort),,PUBLISHED,Published,,1994,1994,,EUR,Europe,,CYP,1994,1994,Cyprus,,YEARS10-14,10-14 years of age,,FMLE,Female,,0.59 [0.41-0.79],0.59371,0.41142,0.79105,,,
CHILDMORT10TO19,Adolescent mortality rate (per 1 000 age specific cohort),,PUBLISHED,Published,,1995,1995,,EUR,Europe,,CYP,1995,1995,Cyprus,,YEARS10-14,10-14 years of age,,FMLE,Female,,0.6 [0.43-0.79],0.60233,0.42726,0.79270,,,
CHILDMORT10TO19,Adolescent mortality rate (per 1 000 age specific cohort),,PUBLISHED,Published,,1996,1996,,EUR,Europe,,CYP,1996,1996,Cyprus,,YEARS10-14,10-14 years of age,,FMLE,Female,,0.61 [0.44-0.8],0.61314,0.44337,0.79904,,,
CHILDMORT10TO19,Adolescent mortality rate (per 1 000 age specific cohort),,PUBLISHED,Published,,1997,1997,,EUR,Europe,,CYP,1997,1997,Cyprus,,YEARS10-14,10-14 years of age,,FMLE,Female,,0.63 [0.46-0.81],0.62564,0.45581,0.81007,,,
CHILDMORT10TO19,Adolescent mortality rate (per 1 000 age specific cohort),,PUBLISHED,Published,,1998,1998,,EUR,Europe,,CYP,1998,1998,Cyprus,,YEARS10-14,10-14 years of age,,FMLE,Female,,0.64 [0.47-0.82],0.63664,0.46879,0.81819,,,
CHILDMORT10TO19,Adolescent mortality rate (per 1 000 age specific cohort),,PUBLISHED,Published,,1999,1999,,EUR,Europe,,CYP,1999,1999,Cyprus,,YEARS10-14,10-14 years of age,,FMLE,Female,,0.65 [0.48-0.83],0.64840,0.48330,0.83086,,,
CHILDMORT10TO19,Adolescent mortality rate (per 1 000 age specific cohort),,PUBLISHED,Published,,2000,2000,,EUR,Europe,,CYP,2000,2000,Cyprus,,YEARS10-14,10-14 years of age,,FMLE,Female,,0.66 [0.49-0.84],0.66033,0.49241,0.84121,,,
CHILDMORT10TO19,Adolescent mortality rate (per 1 000 age specific cohort),,PUBLISHED,Published,,2001,2001,,EUR,Europe,,CYP,2001,2001,Cyprus,,YEARS10-14,10-14 years of age,,FMLE,Female,,0.67 [0.5-0.85],0.66778,0.50123,0.85117,,,
CHILDMORT10TO19,Adolescent mortality rate (per 1 000 age specific cohort),,PUBLISHED,Published,,2002,2002,,EUR,Europe,,CYP,2002,2002,Cyprus,,YEARS10-14,10-14 years of age,,FMLE,Female,,0.67 [0.51-0.85],0.67094,0.50764,0.85059,,,
CHILDMORT10TO19,Adolescent mortality rate (per 1 000 age specific cohort),,PUBLISHED,Published,,2003,2003,,EUR,Europe,,CYP,2003,2003,Cyprus,,YEARS10-14,10-14 years of age,,FMLE,Female,,0.67 [0.51-0.85],0.67155,0.50919,0.85032,,,
CHILDMORT10TO19,Adolescent mortality rate (per 1 000 age specific cohort),,PUBLISHED,Published,,2004,2004,,EUR,Europe,,CYP,2004,2004,Cyprus,,YEARS10-14,10-14 years of age,,FMLE,Female,,0.67 [0.51-0.85],0.66788,0.50970,0.85084,,,
CHILDMORT10TO19,Adolescent mortality rate (per 1 000 age specific cohort),,PUBLISHED,Published,,2005,2005,,EUR,Europe,,CYP,2005,2005,Cyprus,,YEARS10-14,10-14 years of age,,FMLE,Female,,0.66 [0.5-0.84],0.66215,0.50120,0.84242,,,
CHILDMORT10TO19,Adolescent mortality rate (per 1 000 age specific cohort),,PUBLISHED,Published,,2006,2006,,EUR,Europe,,CYP,2006,2006,Cyprus,,YEARS10-14,10-14 years of age,,FMLE,Female,,0.65 [0.49-0.83],0.65330,0.49397,0.83479,,,
CHILDMORT10TO19,Adolescent mortality rate (per 1 000 age specific cohort),,PUBLISHED,Published,,2007,2007,,EUR,Europe,,CYP,2007,2007,Cyprus,,YEARS10-14,10-14 years of age,,FMLE,Female,,0.64 [0.48-0.82],0.64106,0.48320,0.81887,,,
CHILDMORT10TO19,Adolescent mortality rate (per 1 000 age specific cohort),,PUBLISHED,Published,,2008,2008,,EUR,Europe,,CYP,2008,2008,Cyprus,,YEARS10-14,10-14 years of age,,FMLE,Female,,0.63 [0.47-0.8],0.62875,0.46857,0.80420,,,
CHILDMORT10TO19,Adolescent mortality rate (per 1 000 age specific cohort),,PUBLISHED,Published,,2009,2009,,EUR,Europe,,CYP,2009,2009,Cyprus,,YEARS10-14,10-14 years of age,,FMLE,Female,,0.61 [0.45-0.78],0.61242,0.45355,0.78497,,,
CHILDMORT10TO19,Adolescent mortality rate (per 1 000 age specific cohort),,PUBLISHED,Published,,2010,2010,,EUR,Europe,,CYP,2010,2010,Cyprus,,YEARS10-14,10-14 years of age,,FMLE,Female,,0.6 [0.44-0.77],0.59879,0.43883,0.77428,,,
CHILDMORT10TO19,Adolescent mortality rate (per 1 000 age specific cohort),,PUBLISHED,Published,,2011,2011,,EUR,Europe,,CYP,2011,2011,Cyprus,,YEARS10-14,10-14 years of age,,FMLE,Female,,0.59 [0.43-0.76],0.58543,0.42769,0.76303,,,
CHILDMORT10TO19,Adolescent mortality rate (per 1 000 age specific cohort),,PUBLISHED,Published,,2012,2012,,EUR,Europe,,CYP,2012,2012,Cyprus,,YEARS10-14,10-14 years of age,,FMLE,Female,,0.57 [0.41-0.75],0.57236,0.41443,0.74681,,,
CHILDMORT10TO19,Adolescent mortality rate (per 1 000 age specific cohort),,PUBLISHED,Published,,2013,2013,,EUR,Europe,,CYP,2013,2013,Cyprus,,YEARS10-14,10-14 years of age,,FMLE,Female,,0.56 [0.4-0.74],0.56276,0.40066,0.73820,,,
CHILDMORT10TO19,Adolescent mortality rate (per 1 000 age specific cohort),,PUBLISHED,Published,,2014,2014,,EUR,Europe,,CYP,2014,2014,Cyprus,,YEARS10-14,10-14 years of age,,FMLE,Female,,0.55 [0.39-0.73],0.55221,0.38954,0.73358,,,
CHILDMORT10TO19,Adolescent mortality rate (per 1 000 age specific cohort),,PUBLISHED,Published,,2015,2015,,EUR,Europe,,CYP,2015,2015,Cyprus,,YEARS10-14,10-14 years of age,,FMLE,Female,,0.54 [0.38-0.73],0.54462,0.37834,0.73060,,,
CHILDMORT10TO19,Adolescent mortality rate (per 1 000 age specific cohort),,PUBLISHED,Published,,2016,2016,,EUR,Europe,,CYP,2016,2016,Cyprus,,YEARS10-14,10-14 years of age,,FMLE,Female,,0.54 [0.36-0.73],0.53763,0.36488,0.73370,,,
CHILDMORT10TO19,Adolescent mortality rate (per 1 000 age specific cohort),,PUBLISHED,Published,,2017,2017,,EUR,Europe,,CYP,2017,2017,Cyprus,,YEARS10-14,10-14 years of age,,FMLE,Female,,0.53 [0.35-0.74],0.53140,0.34701,0.74473,,,
CHILDMORT10TO19,Adolescent mortality rate (per 1 000 age specific cohort),,PUBLISHED,Published,,2018,2018,,EUR,Europe,,CYP,2018,2018,Cyprus,,YEARS10-14,10-14 years of age,,FMLE,Female,,0.53 [0.33-0.75],0.52564,0.32732,0.75157,,,
CHILDMORT10TO19,Adolescent mortality rate (per 1 000 age specific cohort),,PUBLISHED,Published,,2019,2019,,EUR,Europe,,CYP,2019,2019,Cyprus,,YEARS10-14,10-14 years of age,,FMLE,Female,,0.52 [0.31-0.77],0.52054,0.30898,0.76545,,,
CHILDMORT10TO19,Adolescent mortality rate (per 1 000 age specific cohort),,PUBLISHED,Published,,2020,2020,,EUR,Europe,,CYP,2020,2020,Cyprus,,YEARS10-14,10-14 years of age,,FMLE,Female,,0.51 [0.29-0.78],0.51455,0.28896,0.78253,,,
CHILDMORT10TO19,Adolescent mortality rate (per 1 000 age specific cohort),,PUBLISHED,Published,,2021,2021,,EUR,Europe,,CYP,2021,2021,Cyprus,,YEARS10-14,10-14 years of age,,FMLE,Female,,0.51 [0.27-0.79],0.50673,0.27309,0.79122,,,
CHILDMORT10TO19,Adolescent mortality rate (per 1 000 age specific cohort),,PUBLISHED,Published,,1990,1990,,EUR,Europe,,CYP,1990,1990,Cyprus,,YEARS10-14,10-14 years of age,,MLE,Male,,0.81 [0.47-1.18],0.80814,0.46508,1.17629,,,
CHILDMORT10TO19,Adolescent mortality rate (per 1 000 age specific cohort),,PUBLISHED,Published,,1991,1991,,EUR,Europe,,CYP,1991,1991,Cyprus,,YEARS10-14,10-14 years of age,,MLE,Male,,0.82 [0.51-1.16],0.81902,0.50546,1.15611,,,
CHILDMORT10TO19,Adolescent mortality rate (per 1 000 age specific cohort),,PUBLISHED,Published,,1992,1992,,EUR,Europe,,CYP,1992,1992,Cyprus,,YEARS10-14,10-14 years of age,,MLE,Male,,0.83 [0.54-1.14],0.83226,0.54177,1.14166,,,
CHILDMORT10TO19,Adolescent mortality rate (per 1 000 age specific cohort),,PUBLISHED,Published,,1993,1993,,EUR,Europe,,CYP,1993,1993,Cyprus,,YEARS10-14,10-14 years of age,,MLE,Male,,0.85 [0.57-1.14],0.84714,0.57256,1.13581,,,
CHILDMORT10TO19,Adolescent mortality rate (per 1 000 age specific cohort),,PUBLISHED,Published,,1994,1994,,EUR,Europe,,CYP,1994,1994,Cyprus,,YEARS10-14,10-14 years of age,,MLE,Male,,0.87 [0.6-1.14],0.86536,0.60071,1.14102,,,
CHILDMORT10TO19,Adolescent mortality rate (per 1 000 age specific cohort),,PUBLISHED,Published,,1995,1995,,EUR,Europe,,CYP,1995,1995,Cyprus,,YEARS10-14,10-14 years of age,,MLE,Male,,0.89 [0.63-1.16],0.88562,0.62982,1.16031,,,
CHILDMORT10TO19,Adolescent mortality rate (per 1 000 age specific cohort),,PUBLISHED,Published,,1996,1996,,EUR,Europe,,CYP,1996,1996,Cyprus,,YEARS10-14,10-14 years of age,,MLE,Male,,0.91 [0.66-1.17],0.90782,0.65594,1.17245,,,
CHILDMORT10TO19,Adolescent mortality rate (per 1 000 age specific cohort),,PUBLISHED,Published,,1997,1997,,EUR,Europe,,CYP,1997,1997,Cyprus,,YEARS10-14,10-14 years of age,,MLE,Male,,0.93 [0.68-1.19],0.93249,0.68319,1.19490,,,
CHILDMORT10TO19,Adolescent mortality rate (per 1 000 age specific cohort),,PUBLISHED,Published,,1998,1998,,EUR,Europe,,CYP,1998,1998,Cyprus,,YEARS10-14,10-14 years of age,,MLE,Male,,0.96 [0.71-1.22],0.95852,0.71040,1.21846,,,
CHILDMORT10TO19,Adolescent mortality rate (per 1 000 age specific cohort),,PUBLISHED,Published,,1999,1999,,EUR,Europe,,CYP,1999,1999,Cyprus,,YEARS10-14,10-14 years of age,,MLE,Male,,0.98 [0.74-1.25],0.98259,0.73532,1.24584,,,
CHILDMORT10TO19,Adolescent mortality rate (per 1 000 age specific cohort),,PUBLISHED,Published,,2000,2000,,EUR,Europe,,CYP,2000,2000,Cyprus,,YEARS10-14,10-14 years of age,,MLE,Male,,1 [0.76-1.27],1.00431,0.75794,1.26645,,,
CHILDMORT10TO19,Adolescent mortality rate (per 1 000 age specific cohort),,PUBLISHED,Published,,2001,2001,,EUR,Europe,,CYP,2001,2001,Cyprus,,YEARS10-14,10-14 years of age,,MLE,Male,,1.02 [0.78-1.29],1.02287,0.77786,1.28520,,,
CHILDMORT10TO19,Adolescent mortality rate (per 1 000 age specific cohort),,PUBLISHED,Published,,2002,2002,,EUR,Europe,,CYP,2002,2002,Cyprus,,YEARS10-14,10-14 years of age,,MLE,Male,,1.03 [0.79-1.3],1.03415,0.78655,1.29995,,,
CHILDMORT10TO19,Adolescent mortality rate (per 1 000 age specific cohort),,PUBLISHED,Published,,2003,2003,,EUR,Europe,,CYP,2003,2003,Cyprus,,YEARS10-14,10-14 years of age,,MLE,Male,,1.04 [0.79-1.3],1.03791,0.79316,1.30057,,,
CHILDMORT10TO19,Adolescent mortality rate (per 1 000 age specific cohort),,PUBLISHED,Published,,2004,2004,,EUR,Europe,,CYP,2004,2004,Cyprus,,YEARS10-14,10-14 years of age,,MLE,Male,,1.04 [0.79-1.3],1.03566,0.79334,1.29779,,,
CHILDMORT10TO19,Adolescent mortality rate (per 1 000 age specific cohort),,PUBLISHED,Published,,2005,2005,,EUR,Europe,,CYP,2005,2005,Cyprus,,YEARS10-14,10-14 years of age,,MLE,Male,,1.03 [0.79-1.29],1.02790,0.78710,1.28976,,,
CHILDMORT10TO19,Adolescent mortality rate (per 1 000 age specific cohort),,PUBLISHED,Published,,2006,2006,,EUR,Europe,,CYP,2006,2006,Cyprus,,YEARS10-14,10-14 years of age,,MLE,Male,,1.01 [0.77-1.27],1.01289,0.77332,1.27089,,,
CHILDMORT10TO19,Adolescent mortality rate (per 1 000 age specific cohort),,PUBLISHED,Published,,2007,2007,,EUR,Europe,,CYP,2007,2007,Cyprus,,YEARS10-14,10-14 years of age,,MLE,Male,,0.99 [0.76-1.25],0.99432,0.75573,1.24935,,,
CHILDMORT10TO19,Adolescent mortality rate (per 1 000 age specific cohort),,PUBLISHED,Published,,2008,2008,,EUR,Europe,,CYP,2008,2008,Cyprus,,YEARS10-14,10-14 years of age,,MLE,Male,,0.97 [0.73-1.22],0.97183,0.73254,1.22183,,,
CHILDMORT10TO19,Adolescent mortality rate (per 1 000 age specific cohort),,PUBLISHED,Published,,2009,2009,,EUR,Europe,,CYP,2009,2009,Cyprus,,YEARS10-14,10-14 years of age,,MLE,Male,,0.95 [0.71-1.2],0.94823,0.70977,1.20090,,,
CHILDMORT10TO19,Adolescent mortality rate (per 1 000 age specific cohort),,PUBLISHED,Published,,2010,2010,,EUR,Europe,,CYP,2010,2010,Cyprus,,YEARS10-14,10-14 years of age,,MLE,Male,,0.92 [0.69-1.17],0.92059,0.68755,1.17311,,,
CHILDMORT10TO19,Adolescent mortality rate (per 1 000 age specific cohort),,PUBLISHED,Published,,2011,2011,,EUR,Europe,,CYP,2011,2011,Cyprus,,YEARS10-14,10-14 years of age,,MLE,Male,,0.89 [0.67-1.15],0.89475,0.66608,1.14511,,,
CHILDMORT10TO19,Adolescent mortality rate (per 1 000 age specific cohort),,PUBLISHED,Published,,2012,2012,,EUR,Europe,,CYP,2012,2012,Cyprus,,YEARS10-14,10-14 years of age,,MLE,Male,,0.87 [0.64-1.12],0.87221,0.64279,1.12028,,,
CHILDMORT10TO19,Adolescent mortality rate (per 1 000 age specific cohort),,PUBLISHED,Published,,2013,2013,,EUR,Europe,,CYP,2013,2013,Cyprus,,YEARS10-14,10-14 years of age,,MLE,Male,,0.85 [0.62-1.1],0.85115,0.61966,1.09615,,,
CHILDMORT10TO19,Adolescent mortality rate (per 1 000 age specific cohort),,PUBLISHED,Published,,2014,2014,,EUR,Europe,,CYP,2014,2014,Cyprus,,YEARS10-14,10-14 years of age,,MLE,Male,,0.83 [0.6-1.08],0.83240,0.59812,1.08443,,,
CHILDMORT10TO19,Adolescent mortality rate (per 1 000 age specific cohort),,PUBLISHED,Published,,2015,2015,,EUR,Europe,,CYP,2015,2015,Cyprus,,YEARS10-14,10-14 years of age,,MLE,Male,,0.82 [0.57-1.08],0.81578,0.57490,1.07573,,,
CHILDMORT10TO19,Adolescent mortality rate (per 1 000 age specific cohort),,PUBLISHED,Published,,2016,2016,,EUR,Europe,,CYP,2016,2016,Cyprus,,YEARS10-14,10-14 years of age,,MLE,Male,,0.8 [0.55-1.08],0.80182,0.55029,1.07699,,,
CHILDMORT10TO19,Adolescent mortality rate (per 1 000 age specific cohort),,PUBLISHED,Published,,2017,2017,,EUR,Europe,,CYP,2017,2017,Cyprus,,YEARS10-14,10-14 years of age,,MLE,Male,,0.79 [0.52-1.08],0.78985,0.52342,1.07917,,,
CHILDMORT10TO19,Adolescent mortality rate (per 1 000 age specific cohort),,PUBLISHED,Published,,2018,2018,,EUR,Europe,,CYP,2018,2018,Cyprus,,YEARS10-14,10-14 years of age,,MLE,Male,,0.78 [0.49-1.1],0.77958,0.49409,1.09538,,,
CHILDMORT10TO19,Adolescent mortality rate (per 1 000 age specific cohort),,PUBLISHED,Published,,2019,2019,,EUR,Europe,,CYP,2019,2019,Cyprus,,YEARS10-14,10-14 years of age,,MLE,Male,,0.77 [0.47-1.11],0.76868,0.46699,1.10941,,,
CHILDMORT10TO19,Adolescent mortality rate (per 1 000 age specific cohort),,PUBLISHED,Published,,2020,2020,,EUR,Europe,,CYP,2020,2020,Cyprus,,YEARS10-14,10-14 years of age,,MLE,Male,,0.76 [0.43-1.13],0.75645,0.43269,1.12669,,,
CHILDMORT10TO19,Adolescent mortality rate (per 1 000 age specific cohort),,PUBLISHED,Published,,2021,2021,,EUR,Europe,,CYP,2021,2021,Cyprus,,YEARS10-14,10-14 years of age,,MLE,Male,,0.74 [0.41-1.13],0.74213,0.40752,1.13270,,,
CHILDMORT10TO19,Adolescent mortality rate (per 1 000 age specific cohort),,PUBLISHED,Published,,1990,1990,,EUR,Europe,,CYP,1990,1990,Cyprus,,YEARS10-14,10-14 years of age,,BTSX,Both sexes,,0.69 [0.4-1],0.69172,0.39959,1.00136,,,
CHILDMORT10TO19,Adolescent mortality rate (per 1 000 age specific cohort),,PUBLISHED,Published,,1991,1991,,EUR,Europe,,CYP,1991,1991,Cyprus,,YEARS10-14,10-14 years of age,,BTSX,Both sexes,,0.7 [0.43-0.98],0.69923,0.43348,0.98256,,,
CHILDMORT10TO19,Adolescent mortality rate (per 1 000 age specific cohort),,PUBLISHED,Published,,1992,1992,,EUR,Europe,,CYP,1992,1992,Cyprus,,YEARS10-14,10-14 years of age,,BTSX,Both sexes,,0.71 [0.46-0.97],0.70880,0.46101,0.96818,,,
CHILDMORT10TO19,Adolescent mortality rate (per 1 000 age specific cohort),,PUBLISHED,Published,,1993,1993,,EUR,Europe,,CYP,1993,1993,Cyprus,,YEARS10-14,10-14 years of age,,BTSX,Both sexes,,0.72 [0.49-0.96],0.72026,0.48805,0.96334,,,
CHILDMORT10TO19,Adolescent mortality rate (per 1 000 age specific cohort),,PUBLISHED,Published,,1994,1994,,EUR,Europe,,CYP,1994,1994,Cyprus,,YEARS10-14,10-14 years of age,,BTSX,Both sexes,,0.73 [0.51-0.97],0.73414,0.51272,0.96684,,,
CHILDMORT10TO19,Adolescent mortality rate (per 1 000 age specific cohort),,PUBLISHED,Published,,1995,1995,,EUR,Europe,,CYP,1995,1995,Cyprus,,YEARS10-14,10-14 years of age,,BTSX,Both sexes,,0.75 [0.54-0.97],0.74890,0.53622,0.97361,,,
CHILDMORT10TO19,Adolescent mortality rate (per 1 000 age specific cohort),,PUBLISHED,Published,,1996,1996,,EUR,Europe,,CYP,1996,1996,Cyprus,,YEARS10-14,10-14 years of age,,BTSX,Both sexes,,0.77 [0.56-0.98],0.76545,0.55819,0.98203,,,
CHILDMORT10TO19,Adolescent mortality rate (per 1 000 age specific cohort),,PUBLISHED,Published,,1997,1997,,EUR,Europe,,CYP,1997,1997,Cyprus,,YEARS10-14,10-14 years of age,,BTSX,Both sexes,,0.78 [0.58-1],0.78395,0.57847,0.99809,,,
CHILDMORT10TO19,Adolescent mortality rate (per 1 000 age specific cohort),,PUBLISHED,Published,,1998,1998,,EUR,Europe,,CYP,1998,1998,Cyprus,,YEARS10-14,10-14 years of age,,BTSX,Both sexes,,0.8 [0.6-1.02],0.80237,0.60039,1.01540,,,
CHILDMORT10TO19,Adolescent mortality rate (per 1 000 age specific cohort),,PUBLISHED,Published,,1999,1999,,EUR,Europe,,CYP,1999,1999,Cyprus,,YEARS10-14,10-14 years of age,,BTSX,Both sexes,,0.82 [0.62-1.03],0.82019,0.62014,1.03187,,,
CHILDMORT10TO19,Adolescent mortality rate (per 1 000 age specific cohort),,PUBLISHED,Published,,2000,2000,,EUR,Europe,,CYP,2000,2000,Cyprus,,YEARS10-14,10-14 years of age,,BTSX,Both sexes,,0.84 [0.64-1.05],0.83694,0.63624,1.04830,,,
CHILDMORT10TO19,Adolescent mortality rate (per 1 000 age specific cohort),,PUBLISHED,Published,,2001,2001,,EUR,Europe,,CYP,2001,2001,Cyprus,,YEARS10-14,10-14 years of age,,BTSX,Both sexes,,0.85 [0.65-1.06],0.85020,0.64929,1.06061,,,
CHILDMORT10TO19,Adolescent mortality rate (per 1 000 age specific cohort),,PUBLISHED,Published,,2002,2002,,EUR,Europe,,CYP,2002,2002,Cyprus,,YEARS10-14,10-14 years of age,,BTSX,Both sexes,,0.86 [0.66-1.07],0.85856,0.65994,1.06829,,,
CHILDMORT10TO19,Adolescent mortality rate (per 1 000 age specific cohort),,PUBLISHED,Published,,2003,2003,,EUR,Europe,,CYP,2003,2003,Cyprus,,YEARS10-14,10-14 years of age,,BTSX,Both sexes,,0.86 [0.66-1.07],0.86211,0.66441,1.06896,,,
CHILDMORT10TO19,Adolescent mortality rate (per 1 000 age specific cohort),,PUBLISHED,Published,,2004,2004,,EUR,Europe,,CYP,2004,2004,Cyprus,,YEARS10-14,10-14 years of age,,BTSX,Both sexes,,0.86 [0.67-1.07],0.85983,0.66598,1.06620,,,
CHILDMORT10TO19,Adolescent mortality rate (per 1 000 age specific cohort),,PUBLISHED,Published,,2005,2005,,EUR,Europe,,CYP,2005,2005,Cyprus,,YEARS10-14,10-14 years of age,,BTSX,Both sexes,,0.85 [0.66-1.06],0.85302,0.66210,1.05714,,,
CHILDMORT10TO19,Adolescent mortality rate (per 1 000 age specific cohort),,PUBLISHED,Published,,2006,2006,,EUR,Europe,,CYP,2006,2006,Cyprus,,YEARS10-14,10-14 years of age,,BTSX,Both sexes,,0.84 [0.65-1.04],0.84043,0.65030,1.04420,,,
CHILDMORT10TO19,Adolescent mortality rate (per 1 000 age specific cohort),,PUBLISHED,Published,,2007,2007,,EUR,Europe,,CYP,2007,2007,Cyprus,,YEARS10-14,10-14 years of age,,BTSX,Both sexes,,0.82 [0.63-1.03],0.82412,0.63347,1.02637,,,
CHILDMORT10TO19,Adolescent mortality rate (per 1 000 age specific cohort),,PUBLISHED,Published,,2008,2008,,EUR,Europe,,CYP,2008,2008,Cyprus,,YEARS10-14,10-14 years of age,,BTSX,Both sexes,,0.81 [0.62-1],0.80576,0.61671,1.00439,,,
CHILDMORT10TO19,Adolescent mortality rate (per 1 000 age specific cohort),,PUBLISHED,Published,,2009,2009,,EUR,Europe,,CYP,2009,2009,Cyprus,,YEARS10-14,10-14 years of age,,BTSX,Both sexes,,0.78 [0.6-0.99],0.78500,0.59717,0.98516,,,
CHILDMORT10TO19,Adolescent mortality rate (per 1 000 age specific cohort),,PUBLISHED,Published,,2010,2010,,EUR,Europe,,CYP,2010,2010,Cyprus,,YEARS10-14,10-14 years of age,,BTSX,Both sexes,,0.76 [0.58-0.96],0.76368,0.57727,0.96369,,,
CHILDMORT10TO19,Adolescent mortality rate (per 1 000 age specific cohort),,PUBLISHED,Published,,2011,2011,,EUR,Europe,,CYP,2011,2011,Cyprus,,YEARS10-14,10-14 years of age,,BTSX,Both sexes,,0.74 [0.56-0.94],0.74363,0.55972,0.94328,,,
CHILDMORT10TO19,Adolescent mortality rate (per 1 000 age specific cohort),,PUBLISHED,Published,,2012,2012,,EUR,Europe,,CYP,2012,2012,Cyprus,,YEARS10-14,10-14 years of age,,BTSX,Both sexes,,0.73 [0.54-0.93],0.72558,0.54061,0.92532,,,
CHILDMORT10TO19,Adolescent mortality rate (per 1 000 age specific cohort),,PUBLISHED,Published,,2013,2013,,EUR,Europe,,CYP,2013,2013,Cyprus,,YEARS10-14,10-14 years of age,,BTSX,Both sexes,,0.71 [0.52-0.91],0.71010,0.52214,0.90799,,,
CHILDMORT10TO19,Adolescent mortality rate (per 1 000 age specific cohort),,PUBLISHED,Published,,2014,2014,,EUR,Europe,,CYP,2014,2014,Cyprus,,YEARS10-14,10-14 years of age,,BTSX,Both sexes,,0.7 [0.51-0.9],0.69541,0.50706,0.89638,,,
CHILDMORT10TO19,Adolescent mortality rate (per 1 000 age specific cohort),,PUBLISHED,Published,,2015,2015,,EUR,Europe,,CYP,2015,2015,Cyprus,,YEARS10-14,10-14 years of age,,BTSX,Both sexes,,0.68 [0.49-0.89],0.68329,0.48842,0.89145,,,
CHILDMORT10TO19,Adolescent mortality rate (per 1 000 age specific cohort),,PUBLISHED,Published,,2016,2016,,EUR,Europe,,CYP,2016,2016,Cyprus,,YEARS10-14,10-14 years of age,,BTSX,Both sexes,,0.67 [0.47-0.89],0.67281,0.46807,0.89457,,,
CHILDMORT10TO19,Adolescent mortality rate (per 1 000 age specific cohort),,PUBLISHED,Published,,2017,2017,,EUR,Europe,,CYP,2017,2017,Cyprus,,YEARS10-14,10-14 years of age,,BTSX,Both sexes,,0.66 [0.45-0.9],0.66367,0.44552,0.89985,,,
CHILDMORT10TO19,Adolescent mortality rate (per 1 000 age specific cohort),,PUBLISHED,Published,,2018,2018,,EUR,Europe,,CYP,2018,2018,Cyprus,,YEARS10-14,10-14 years of age,,BTSX,Both sexes,,0.66 [0.42-0.91],0.65561,0.42000,0.91103,,,
CHILDMORT10TO19,Adolescent mortality rate (per 1 000 age specific cohort),,PUBLISHED,Published,,2019,2019,,EUR,Europe,,CYP,2019,2019,Cyprus,,YEARS10-14,10-14 years of age,,BTSX,Both sexes,,0.65 [0.4-0.93],0.64751,0.39509,0.92734,,,
CHILDMORT10TO19,Adolescent mortality rate (per 1 000 age specific cohort),,PUBLISHED,Published,,2020,2020,,EUR,Europe,,CYP,2020,2020,Cyprus,,YEARS10-14,10-14 years of age,,BTSX,Both sexes,,0.64 [0.37-0.94],0.63828,0.36870,0.93857,,,
CHILDMORT10TO19,Adolescent mortality rate (per 1 000 age specific cohort),,PUBLISHED,Published,,2021,2021,,EUR,Europe,,CYP,2021,2021,Cyprus,,YEARS10-14,10-14 years of age,,BTSX,Both sexes,,0.63 [0.35-0.95],0.62720,0.34687,0.94681,,,
CHILDMORT10TO19,Adolescent mortality rate (per 1 000 age specific cohort),,PUBLISHED,Published,,1990,1990,,EUR,Europe,,CYP,1990,1990,Cyprus,,YEARS15-19,15-19 years,,FMLE,Female,,1.62 [1.25-2.04],1.61802,1.25472,2.04425,,,
CHILDMORT10TO19,Adolescent mortality rate (per 1 000 age specific cohort),,PUBLISHED,Published,,1991,1991,,EUR,Europe,,CYP,1991,1991,Cyprus,,YEARS15-19,15-19 years,,FMLE,Female,,1.7 [1.34-2.13],1.70184,1.33653,2.12989,,,
CHILDMORT10TO19,Adolescent mortality rate (per 1 000 age specific cohort),,PUBLISHED,Published,,1992,1992,,EUR,Europe,,CYP,1992,1992,Cyprus,,YEARS15-19,15-19 years,,FMLE,Female,,1.79 [1.43-2.22],1.78907,1.42613,2.21801,,,
CHILDMORT10TO19,Adolescent mortality rate (per 1 000 age specific cohort),,PUBLISHED,Published,,1993,1993,,EUR,Europe,,CYP,1993,1993,Cyprus,,YEARS15-19,15-19 years,,FMLE,Female,,1.87 [1.5-2.3],1.87272,1.50365,2.30145,,,
CHILDMORT10TO19,Adolescent mortality rate (per 1 000 age specific cohort),,PUBLISHED,Published,,1994,1994,,EUR,Europe,,CYP,1994,1994,Cyprus,,YEARS15-19,15-19 years,,FMLE,Female,,1.94 [1.57-2.36],1.94162,1.56547,2.36107,,,
CHILDMORT10TO19,Adolescent mortality rate (per 1 000 age specific cohort),,PUBLISHED,Published,,1995,1995,,EUR,Europe,,CYP,1995,1995,Cyprus,,YEARS15-19,15-19 years,,FMLE,Female,,1.99 [1.61-2.42],1.98858,1.60543,2.41869,,,
CHILDMORT10TO19,Adolescent mortality rate (per 1 000 age specific cohort),,PUBLISHED,Published,,1996,1996,,EUR,Europe,,CYP,1996,1996,Cyprus,,YEARS15-19,15-19 years,,FMLE,Female,,2.02 [1.64-2.45],2.01910,1.63609,2.45195,,,
CHILDMORT10TO19,Adolescent mortality rate (per 1 000 age specific cohort),,PUBLISHED,Published,,1997,1997,,EUR,Europe,,CYP,1997,1997,Cyprus,,YEARS15-19,15-19 years,,FMLE,Female,,2.03 [1.65-2.47],2.03309,1.65361,2.46700,,,
CHILDMORT10TO19,Adolescent mortality rate (per 1 000 age specific cohort),,PUBLISHED,Published,,1998,1998,,EUR,Europe,,CYP,1998,1998,Cyprus,,YEARS15-19,15-19 years,,FMLE,Female,,2.02 [1.65-2.45],2.02416,1.64776,2.45204,,,
CHILDMORT10TO19,Adolescent mortality rate (per 1 000 age specific cohort),,PUBLISHED,Published,,1999,1999,,EUR,Europe,,CYP,1999,1999,Cyprus,,YEARS15-19,15-19 years,,FMLE,Female,,2 [1.64-2.42],2.00431,1.64001,2.42179,,,
CHILDMORT10TO19,Adolescent mortality rate (per 1 000 age specific cohort),,PUBLISHED,Published,,2000,2000,,EUR,Europe,,CYP,2000,2000,Cyprus,,YEARS15-19,15-19 years,,FMLE,Female,,1.97 [1.61-2.39],1.97101,1.60987,2.38700,,,
CHILDMORT10TO19,Adolescent mortality rate (per 1 000 age specific cohort),,PUBLISHED,Published,,2001,2001,,EUR,Europe,,CYP,2001,2001,Cyprus,,YEARS15-19,15-19 years,,FMLE,Female,,1.92 [1.56-2.32],1.92021,1.56300,2.32407,,,
CHILDMORT10TO19,Adolescent mortality rate (per 1 000 age specific cohort),,PUBLISHED,Published,,2002,2002,,EUR,Europe,,CYP,2002,2002,Cyprus,,YEARS15-19,15-19 years,,FMLE,Female,,1.85 [1.5-2.24],1.85099,1.50451,2.24441,,,
CHILDMORT10TO19,Adolescent mortality rate (per 1 000 age specific cohort),,PUBLISHED,Published,,2003,2003,,EUR,Europe,,CYP,2003,2003,Cyprus,,YEARS15-19,15-19 years,,FMLE,Female,,1.76 [1.43-2.13],1.75665,1.42869,2.13379,,,
CHILDMORT10TO19,Adolescent mortality rate (per 1 000 age specific cohort),,PUBLISHED,Published,,2004,2004,,EUR,Europe,,CYP,2004,2004,Cyprus,,YEARS15-19,15-19 years,,FMLE,Female,,1.64 [1.32-2],1.63800,1.32259,1.99564,,,
CHILDMORT10TO19,Adolescent mortality rate (per 1 000 age specific cohort),,PUBLISHED,Published,,2005,2005,,EUR,Europe,,CYP,2005,2005,Cyprus,,YEARS15-19,15-19 years,,FMLE,Female,,1.51 [1.22-1.84],1.50956,1.22259,1.83837,,,
CHILDMORT10TO19,Adolescent mortality rate (per 1 000 age specific cohort),,PUBLISHED,Published,,2006,2006,,EUR,Europe,,CYP,2006,2006,Cyprus,,YEARS15-19,15-19 years,,FMLE,Female,,1.38 [1.11-1.7],1.38399,1.11287,1.69566,,,
CHILDMORT10TO19,Adolescent mortality rate (per 1 000 age specific cohort),,PUBLISHED,Published,,2007,2007,,EUR,Europe,,CYP,2007,2007,Cyprus,,YEARS15-19,15-19 years,,FMLE,Female,,1.25 [0.99-1.55],1.25289,0.99279,1.54797,,,
CHILDMORT10TO19,Adolescent mortality rate (per 1 000 age specific cohort),,PUBLISHED,Published,,2008,2008,,EUR,Europe,,CYP,2008,2008,Cyprus,,YEARS15-19,15-19 years,,FMLE,Female,,1.13 [0.88-1.42],1.12876,0.88255,1.41761,,,
CHILDMORT10TO19,Adolescent mortality rate (per 1 000 age specific cohort),,PUBLISHED,Published,,2009,2009,,EUR,Europe,,CYP,2009,2009,Cyprus,,YEARS15-19,15-19 years,,FMLE,Female,,1.03 [0.8-1.31],1.03471,0.80297,1.30787,,,
CHILDMORT10TO19,Adolescent mortality rate (per 1 000 age specific cohort),,PUBLISHED,Published,,2010,2010,,EUR,Europe,,CYP,2010,2010,Cyprus,,YEARS15-19,15-19 years,,FMLE,Female,,0.96 [0.74-1.22],0.95937,0.73731,1.22413,,,
CHILDMORT10TO19,Adolescent mortality rate (per 1 000 age specific cohort),,PUBLISHED,Published,,2011,2011,,EUR,Europe,,CYP,2011,2011,Cyprus,,YEARS15-19,15-19 years,,FMLE,Female,,0.9 [0.69-1.16],0.90043,0.69025,1.16093,,,
CHILDMORT10TO19,Adolescent mortality rate (per 1 000 age specific cohort),,PUBLISHED,Published,,2012,2012,,EUR,Europe,,CYP,2012,2012,Cyprus,,YEARS15-19,15-19 years,,FMLE,Female,,0.86 [0.65-1.11],0.85589,0.64621,1.10985,,,
CHILDMORT10TO19,Adolescent mortality rate (per 1 000 age specific cohort),,PUBLISHED,Published,,2013,2013,,EUR,Europe,,CYP,2013,2013,Cyprus,,YEARS15-19,15-19 years,,FMLE,Female,,0.82 [0.62-1.07],0.82336,0.61646,1.07292,,,
CHILDMORT10TO19,Adolescent mortality rate (per 1 000 age specific cohort),,PUBLISHED,Published,,2014,2014,,EUR,Europe,,CYP,2014,2014,Cyprus,,YEARS15-19,15-19 years,,FMLE,Female,,0.8 [0.59-1.05],0.80041,0.59432,1.04638,,,
CHILDMORT10TO19,Adolescent mortality rate (per 1 000 age specific cohort),,PUBLISHED,Published,,2015,2015,,EUR,Europe,,CYP,2015,2015,Cyprus,,YEARS15-19,15-19 years,,FMLE,Female,,0.78 [0.57-1.03],0.77936,0.57365,1.02696,,,
CHILDMORT10TO19,Adolescent mortality rate (per 1 000 age specific cohort),,PUBLISHED,Published,,2016,2016,,EUR,Europe,,CYP,2016,2016,Cyprus,,YEARS15-19,15-19 years,,FMLE,Female,,0.76 [0.55-1.02],0.75945,0.55013,1.01979,,,
CHILDMORT10TO19,Adolescent mortality rate (per 1 000 age specific cohort),,PUBLISHED,Published,,2017,2017,,EUR,Europe,,CYP,2017,2017,Cyprus,,YEARS15-19,15-19 years,,FMLE,Female,,0.74 [0.53-1.01],0.74209,0.52809,1.00798,,,
CHILDMORT10TO19,Adolescent mortality rate (per 1 000 age specific cohort),,PUBLISHED,Published,,2018,2018,,EUR,Europe,,CYP,2018,2018,Cyprus,,YEARS15-19,15-19 years,,FMLE,Female,,0.72 [0.5-1],0.72352,0.50329,0.99726,,,
CHILDMORT10TO19,Adolescent mortality rate (per 1 000 age specific cohort),,PUBLISHED,Published,,2019,2019,,EUR,Europe,,CYP,2019,2019,Cyprus,,YEARS15-19,15-19 years,,FMLE,Female,,0.71 [0.48-1],0.70523,0.48056,0.99928,,,
CHILDMORT10TO19,Adolescent mortality rate (per 1 000 age specific cohort),,PUBLISHED,Published,,2020,2020,,EUR,Europe,,CYP,2020,2020,Cyprus,,YEARS15-19,15-19 years,,FMLE,Female,,0.69 [0.45-1],0.68675,0.45343,0.99708,,,
CHILDMORT10TO19,Adolescent mortality rate (per 1 000 age specific cohort),,PUBLISHED,Published,,2021,2021,,EUR,Europe,,CYP,2021,2021,Cyprus,,YEARS15-19,15-19 years,,FMLE,Female,,0.67 [0.43-1],0.66510,0.42645,0.99785,,,
CHILDMORT10TO19,Adolescent mortality rate (per 1 000 age specific cohort),,PUBLISHED,Published,,1990,1990,,EUR,Europe,,CYP,1990,1990,Cyprus,,YEARS15-19,15-19 years,,MLE,Male,,4.03 [3.42-4.68],4.02950,3.41981,4.67786,,,
CHILDMORT10TO19,Adolescent mortality rate (per 1 000 age specific cohort),,PUBLISHED,Published,,1991,1991,,EUR,Europe,,CYP,1991,1991,Cyprus,,YEARS15-19,15-19 years,,MLE,Male,,4.26 [3.69-4.87],4.26471,3.69486,4.86868,,,
CHILDMORT10TO19,Adolescent mortality rate (per 1 000 age specific cohort),,PUBLISHED,Published,,1992,1992,,EUR,Europe,,CYP,1992,1992,Cyprus,,YEARS15-19,15-19 years,,MLE,Male,,4.49 [3.96-5.05],4.49405,3.96242,5.05269,,,
CHILDMORT10TO19,Adolescent mortality rate (per 1 000 age specific cohort),,PUBLISHED,Published,,1993,1993,,EUR,Europe,,CYP,1993,1993,Cyprus,,YEARS15-19,15-19 years,,MLE,Male,,4.71 [4.19-5.24],4.70586,4.18775,5.23784,,,
CHILDMORT10TO19,Adolescent mortality rate (per 1 000 age specific cohort),,PUBLISHED,Published,,1994,1994,,EUR,Europe,,CYP,1994,1994,Cyprus,,YEARS15-19,15-19 years,,MLE,Male,,4.86 [4.35-5.38],4.86247,4.35477,5.37940,,,
CHILDMORT10TO19,Adolescent mortality rate (per 1 000 age specific cohort),,PUBLISHED,Published,,1995,1995,,EUR,Europe,,CYP,1995,1995,Cyprus,,YEARS15-19,15-19 years,,MLE,Male,,4.96 [4.45-5.48],4.96442,4.44815,5.48438,,,
CHILDMORT10TO19,Adolescent mortality rate (per 1 000 age specific cohort),,PUBLISHED,Published,,1996,1996,,EUR,Europe,,CYP,1996,1996,Cyprus,,YEARS15-19,15-19 years,,MLE,Male,,5 [4.5-5.52],5.00019,4.49507,5.51685,,,
CHILDMORT10TO19,Adolescent mortality rate (per 1 000 age specific cohort),,PUBLISHED,Published,,1997,1997,,EUR,Europe,,CYP,1997,1997,Cyprus,,YEARS15-19,15-19 years,,MLE,Male,,5 [4.5-5.5],4.99848,4.50221,5.50482,,,
CHILDMORT10TO19,Adolescent mortality rate (per 1 000 age specific cohort),,PUBLISHED,Published,,1998,1998,,EUR,Europe,,CYP,1998,1998,Cyprus,,YEARS15-19,15-19 years,,MLE,Male,,4.96 [4.47-5.45],4.95822,4.46716,5.45396,,,
CHILDMORT10TO19,Adolescent mortality rate (per 1 000 age specific cohort),,PUBLISHED,Published,,1999,1999,,EUR,Europe,,CYP,1999,1999,Cyprus,,YEARS15-19,15-19 years,,MLE,Male,,4.89 [4.4-5.39],4.88867,4.40168,5.38502,,,
CHILDMORT10TO19,Adolescent mortality rate (per 1 000 age specific cohort),,PUBLISHED,Published,,2000,2000,,EUR,Europe,,CYP,2000,2000,Cyprus,,YEARS15-19,15-19 years,,MLE,Male,,4.79 [4.32-5.28],4.79242,4.31721,5.28061,,,
CHILDMORT10TO19,Adolescent mortality rate (per 1 000 age specific cohort),,PUBLISHED,Published,,2001,2001,,EUR,Europe,,CYP,2001,2001,Cyprus,,YEARS15-19,15-19 years,,MLE,Male,,4.65 [4.17-5.14],4.65309,4.17270,5.14285,,,
CHILDMORT10TO19,Adolescent mortality rate (per 1 000 age specific cohort),,PUBLISHED,Published,,2002,2002,,EUR,Europe,,CYP,2002,2002,Cyprus,,YEARS15-19,15-19 years,,MLE,Male,,4.46 [3.99-4.93],4.45620,3.99328,4.92900,,,
CHILDMORT10TO19,Adolescent mortality rate (per 1 000 age specific cohort),,PUBLISHED,Published,,2003,2003,,EUR,Europe,,CYP,2003,2003,Cyprus,,YEARS15-19,15-19 years,,MLE,Male,,4.2 [3.76-4.65],4.20444,3.76014,4.64665,,,
CHILDMORT10TO19,Adolescent mortality rate (per 1 000 age specific cohort),,PUBLISHED,Published,,2004,2004,,EUR,Europe,,CYP,2004,2004,Cyprus,,YEARS15-19,15-19 years,,MLE,Male,,3.91 [3.49-4.33],3.91073,3.48540,4.33114,,,
CHILDMORT10TO19,Adolescent mortality rate (per 1 000 age specific cohort),,PUBLISHED,Published,,2005,2005,,EUR,Europe,,CYP,2005,2005,Cyprus,,YEARS15-19,15-19 years,,MLE,Male,,3.58 [3.18-3.98],3.58259,3.18139,3.97618,,,
CHILDMORT10TO19,Adolescent mortality rate (per 1 000 age specific cohort),,PUBLISHED,Published,,2006,2006,,EUR,Europe,,CYP,2006,2006,Cyprus,,YEARS15-19,15-19 years,,MLE,Male,,3.24 [2.87-3.6],3.24002,2.87287,3.60440,,,
CHILDMORT10TO19,Adolescent mortality rate (per 1 000 age specific cohort),,PUBLISHED,Published,,2007,2007,,EUR,Europe,,CYP,2007,2007,Cyprus,,YEARS15-19,15-19 years,,MLE,Male,,2.92 [2.58-3.27],2.92285,2.58290,3.26741,,,
CHILDMORT10TO19,Adolescent mortality rate (per 1 000 age specific cohort),,PUBLISHED,Published,,2008,2008,,EUR,Europe,,CYP,2008,2008,Cyprus,,YEARS15-19,15-19 years,,MLE,Male,,2.64 [2.32-2.97],2.63962,2.31596,2.96859,,,
CHILDMORT10TO19,Adolescent mortality rate (per 1 000 age specific cohort),,PUBLISHED,Published,,2009,2009,,EUR,Europe,,CYP,2009,2009,Cyprus,,YEARS15-19,15-19 years,,MLE,Male,,2.39 [2.09-2.71],2.39396,2.08894,2.71196,,,
CHILDMORT10TO19,Adolescent mortality rate (per 1 000 age specific cohort),,PUBLISHED,Published,,2010,2010,,EUR,Europe,,CYP,2010,2010,Cyprus,,YEARS15-19,15-19 years,,MLE,Male,,2.2 [1.91-2.51],2.20267,1.90581,2.50849,,,
CHILDMORT10TO19,Adolescent mortality rate (per 1 000 age specific cohort),,PUBLISHED,Published,,2011,2011,,EUR,Europe,,CYP,2011,2011,Cyprus,,YEARS15-19,15-19 years,,MLE,Male,,2.06 [1.77-2.36],2.06020,1.77214,2.35865,,,
CHILDMORT10TO19,Adolescent mortality rate (per 1 000 age specific cohort),,PUBLISHED,Published,,2012,2012,,EUR,Europe,,CYP,2012,2012,Cyprus,,YEARS15-19,15-19 years,,MLE,Male,,1.95 [1.67-2.25],1.95357,1.66668,2.25083,,,
CHILDMORT10TO19,Adolescent mortality rate (per 1 000 age specific cohort),,PUBLISHED,Published,,2013,2013,,EUR,Europe,,CYP,2013,2013,Cyprus,,YEARS15-19,15-19 years,,MLE,Male,,1.87 [1.59-2.17],1.87418,1.58991,2.16901,,,
CHILDMORT10TO19,Adolescent mortality rate (per 1 000 age specific cohort),,PUBLISHED,Published,,2014,2014,,EUR,Europe,,CYP,2014,2014,Cyprus,,YEARS15-19,15-19 years,,MLE,Male,,1.81 [1.53-2.11],1.81275,1.52632,2.10846,,,
CHILDMORT10TO19,Adolescent mortality rate (per 1 000 age specific cohort),,PUBLISHED,Published,,2015,2015,,EUR,Europe,,CYP,2015,2015,Cyprus,,YEARS15-19,15-19 years,,MLE,Male,,1.76 [1.47-2.06],1.75862,1.47028,2.05675,,,
CHILDMORT10TO19,Adolescent mortality rate (per 1 000 age specific cohort),,PUBLISHED,Published,,2016,2016,,EUR,Europe,,CYP,2016,2016,Cyprus,,YEARS15-19,15-19 years,,MLE,Male,,1.71 [1.41-2.02],1.70920,1.41321,2.02197,,,
CHILDMORT10TO19,Adolescent mortality rate (per 1 000 age specific cohort),,PUBLISHED,Published,,2017,2017,,EUR,Europe,,CYP,2017,2017,Cyprus,,YEARS15-19,15-19 years,,MLE,Male,,1.65 [1.35-1.99],1.65350,1.35231,1.98735,,,
CHILDMORT10TO19,Adolescent mortality rate (per 1 000 age specific cohort),,PUBLISHED,Published,,2018,2018,,EUR,Europe,,CYP,2018,2018,Cyprus,,YEARS15-19,15-19 years,,MLE,Male,,1.6 [1.28-1.96],1.60007,1.28030,1.95632,,,
CHILDMORT10TO19,Adolescent mortality rate (per 1 000 age specific cohort),,PUBLISHED,Published,,2019,2019,,EUR,Europe,,CYP,2019,2019,Cyprus,,YEARS15-19,15-19 years,,MLE,Male,,1.54 [1.2-1.94],1.54201,1.19858,1.93515,,,
CHILDMORT10TO19,Adolescent mortality rate (per 1 000 age specific cohort),,PUBLISHED,Published,,2020,2020,,EUR,Europe,,CYP,2020,2020,Cyprus,,YEARS15-19,15-19 years,,MLE,Male,,1.49 [1.12-1.93],1.49200,1.12438,1.92618,,,
CHILDMORT10TO19,Adolescent mortality rate (per 1 000 age specific cohort),,PUBLISHED,Published,,2021,2021,,EUR,Europe,,CYP,2021,2021,Cyprus,,YEARS15-19,15-19 years,,MLE,Male,,1.44 [1.05-1.91],1.44205,1.05124,1.91331,,,
CHILDMORT10TO19,Adolescent mortality rate (per 1 000 age specific cohort),,PUBLISHED,Published,,1990,1990,,EUR,Europe,,CYP,1990,1990,Cyprus,,YEARS15-19,15-19 years,,BTSX,Both sexes,,2.89 [2.51-3.3],2.88676,2.50588,3.30094,,,
CHILDMORT10TO19,Adolescent mortality rate (per 1 000 age specific cohort),,PUBLISHED,Published,,1991,1991,,EUR,Europe,,CYP,1991,1991,Cyprus,,YEARS15-19,15-19 years,,BTSX,Both sexes,,3.04 [2.71-3.4],3.04264,2.70678,3.40445,,,
CHILDMORT10TO19,Adolescent mortality rate (per 1 000 age specific cohort),,PUBLISHED,Published,,1992,1992,,EUR,Europe,,CYP,1992,1992,Cyprus,,YEARS15-19,15-19 years,,BTSX,Both sexes,,3.19 [2.89-3.52],3.19441,2.89450,3.51737,,,
CHILDMORT10TO19,Adolescent mortality rate (per 1 000 age specific cohort),,PUBLISHED,Published,,1993,1993,,EUR,Europe,,CYP,1993,1993,Cyprus,,YEARS15-19,15-19 years,,BTSX,Both sexes,,3.34 [3.06-3.63],3.33819,3.06093,3.63421,,,
CHILDMORT10TO19,Adolescent mortality rate (per 1 000 age specific cohort),,PUBLISHED,Published,,1994,1994,,EUR,Europe,,CYP,1994,1994,Cyprus,,YEARS15-19,15-19 years,,BTSX,Both sexes,,3.45 [3.19-3.74],3.45399,3.18818,3.73549,,,
CHILDMORT10TO19,Adolescent mortality rate (per 1 000 age specific cohort),,PUBLISHED,Published,,1995,1995,,EUR,Europe,,CYP,1995,1995,Cyprus,,YEARS15-19,15-19 years,,BTSX,Both sexes,,3.54 [3.27-3.81],3.53675,3.27339,3.81430,,,
CHILDMORT10TO19,Adolescent mortality rate (per 1 000 age specific cohort),,PUBLISHED,Published,,1996,1996,,EUR,Europe,,CYP,1996,1996,Cyprus,,YEARS15-19,15-19 years,,BTSX,Both sexes,,3.58 [3.32-3.86],3.57853,3.31793,3.85624,,,
CHILDMORT10TO19,Adolescent mortality rate (per 1 000 age specific cohort),,PUBLISHED,Published,,1997,1997,,EUR,Europe,,CYP,1997,1997,Cyprus,,YEARS15-19,15-19 years,,BTSX,Both sexes,,3.59 [3.33-3.87],3.59028,3.32813,3.86622,,,
CHILDMORT10TO19,Adolescent mortality rate (per 1 000 age specific cohort),,PUBLISHED,Published,,1998,1998,,EUR,Europe,,CYP,1998,1998,Cyprus,,YEARS15-19,15-19 years,,BTSX,Both sexes,,3.57 [3.3-3.84],3.56657,3.30326,3.83646,,,
CHILDMORT10TO19,Adolescent mortality rate (per 1 000 age specific cohort),,PUBLISHED,Published,,1999,1999,,EUR,Europe,,CYP,1999,1999,Cyprus,,YEARS15-19,15-19 years,,BTSX,Both sexes,,3.52 [3.26-3.78],3.51807,3.25528,3.78320,,,
CHILDMORT10TO19,Adolescent mortality rate (per 1 000 age specific cohort),,PUBLISHED,Published,,2000,2000,,EUR,Europe,,CYP,2000,2000,Cyprus,,YEARS15-19,15-19 years,,BTSX,Both sexes,,3.45 [3.19-3.71],3.44598,3.19017,3.70906,,,
CHILDMORT10TO19,Adolescent mortality rate (per 1 000 age specific cohort),,PUBLISHED,Published,,2001,2001,,EUR,Europe,,CYP,2001,2001,Cyprus,,YEARS15-19,15-19 years,,BTSX,Both sexes,,3.34 [3.09-3.6],3.34200,3.09433,3.59667,,,
CHILDMORT10TO19,Adolescent mortality rate (per 1 000 age specific cohort),,PUBLISHED,Published,,2002,2002,,EUR,Europe,,CYP,2002,2002,Cyprus,,YEARS15-19,15-19 years,,BTSX,Both sexes,,3.2 [2.97-3.45],3.20378,2.96607,3.45184,,,
CHILDMORT10TO19,Adolescent mortality rate (per 1 000 age specific cohort),,PUBLISHED,Published,,2003,2003,,EUR,Europe,,CYP,2003,2003,Cyprus,,YEARS15-19,15-19 years,,BTSX,Both sexes,,3.03 [2.8-3.27],3.03219,2.80243,3.26968,,,
CHILDMORT10TO19,Adolescent mortality rate (per 1 000 age specific cohort),,PUBLISHED,Published,,2004,2004,,EUR,Europe,,CYP,2004,2004,Cyprus,,YEARS15-19,15-19 years,,BTSX,Both sexes,,2.83 [2.61-3.06],2.83096,2.61270,3.05761,,,
CHILDMORT10TO19,Adolescent mortality rate (per 1 000 age specific cohort),,PUBLISHED,Published,,2005,2005,,EUR,Europe,,CYP,2005,2005,Cyprus,,YEARS15-19,15-19 years,,BTSX,Both sexes,,2.61 [2.4-2.82],2.60716,2.40044,2.81970,,,
CHILDMORT10TO19,Adolescent mortality rate (per 1 000 age specific cohort),,PUBLISHED,Published,,2006,2006,,EUR,Europe,,CYP,2006,2006,Cyprus,,YEARS15-19,15-19 years,,BTSX,Both sexes,,2.37 [2.18-2.58],2.37431,2.18043,2.57752,,,
CHILDMORT10TO19,Adolescent mortality rate (per 1 000 age specific cohort),,PUBLISHED,Published,,2007,2007,,EUR,Europe,,CYP,2007,2007,Cyprus,,YEARS15-19,15-19 years,,BTSX,Both sexes,,2.15 [1.97-2.34],2.14820,1.96531,2.34008,,,
CHILDMORT10TO19,Adolescent mortality rate (per 1 000 age specific cohort),,PUBLISHED,Published,,2008,2008,,EUR,Europe,,CYP,2008,2008,Cyprus,,YEARS15-19,15-19 years,,BTSX,Both sexes,,1.94 [1.77-2.12],1.93951,1.76900,2.12452,,,
CHILDMORT10TO19,Adolescent mortality rate (per 1 000 age specific cohort),,PUBLISHED,Published,,2009,2009,,EUR,Europe,,CYP,2009,2009,Cyprus,,YEARS15-19,15-19 years,,BTSX,Both sexes,,1.76 [1.6-1.94],1.76197,1.60347,1.93828,,,
CHILDMORT10TO19,Adolescent mortality rate (per 1 000 age specific cohort),,PUBLISHED,Published,,2010,2010,,EUR,Europe,,CYP,2010,2010,Cyprus,,YEARS15-19,15-19 years,,BTSX,Both sexes,,1.62 [1.47-1.79],1.62040,1.46965,1.78967,,,
CHILDMORT10TO19,Adolescent mortality rate (per 1 000 age specific cohort),,PUBLISHED,Published,,2011,2011,,EUR,Europe,,CYP,2011,2011,Cyprus,,YEARS15-19,15-19 years,,BTSX,Both sexes,,1.51 [1.37-1.67],1.51099,1.36533,1.67469,,,
CHILDMORT10TO19,Adolescent mortality rate (per 1 000 age specific cohort),,PUBLISHED,Published,,2012,2012,,EUR,Europe,,CYP,2012,2012,Cyprus,,YEARS15-19,15-19 years,,BTSX,Both sexes,,1.43 [1.29-1.59],1.42754,1.28569,1.58660,,,
CHILDMORT10TO19,Adolescent mortality rate (per 1 000 age specific cohort),,PUBLISHED,Published,,2013,2013,,EUR,Europe,,CYP,2013,2013,Cyprus,,YEARS15-19,15-19 years,,BTSX,Both sexes,,1.37 [1.22-1.52],1.36609,1.22486,1.52390,,,
CHILDMORT10TO19,Adolescent mortality rate (per 1 000 age specific cohort),,PUBLISHED,Published,,2014,2014,,EUR,Europe,,CYP,2014,2014,Cyprus,,YEARS15-19,15-19 years,,BTSX,Both sexes,,1.32 [1.18-1.48],1.32022,1.17960,1.47890,,,
CHILDMORT10TO19,Adolescent mortality rate (per 1 000 age specific cohort),,PUBLISHED,Published,,2015,2015,,EUR,Europe,,CYP,2015,2015,Cyprus,,YEARS15-19,15-19 years,,BTSX,Both sexes,,1.28 [1.14-1.45],1.28032,1.13691,1.44551,,,
CHILDMORT10TO19,Adolescent mortality rate (per 1 000 age specific cohort),,PUBLISHED,Published,,2016,2016,,EUR,Europe,,CYP,2016,2016,Cyprus,,YEARS15-19,15-19 years,,BTSX,Both sexes,,1.24 [1.09-1.42],1.24433,1.09288,1.42069,,,
CHILDMORT10TO19,Adolescent mortality rate (per 1 000 age specific cohort),,PUBLISHED,Published,,2017,2017,,EUR,Europe,,CYP,2017,2017,Cyprus,,YEARS15-19,15-19 years,,BTSX,Both sexes,,1.21 [1.05-1.4],1.20699,1.04507,1.39840,,,
CHILDMORT10TO19,Adolescent mortality rate (per 1 000 age specific cohort),,PUBLISHED,Published,,2018,2018,,EUR,Europe,,CYP,2018,2018,Cyprus,,YEARS15-19,15-19 years,,BTSX,Both sexes,,1.17 [0.99-1.39],1.17056,0.99006,1.38688,,,
CHILDMORT10TO19,Adolescent mortality rate (per 1 000 age specific cohort),,PUBLISHED,Published,,2019,2019,,EUR,Europe,,CYP,2019,2019,Cyprus,,YEARS15-19,15-19 years,,BTSX,Both sexes,,1.13 [0.93-1.38],1.13212,0.93069,1.37901,,,
CHILDMORT10TO19,Adolescent mortality rate (per 1 000 age specific cohort),,PUBLISHED,Published,,2020,2020,,EUR,Europe,,CYP,2020,2020,Cyprus,,YEARS15-19,15-19 years,,BTSX,Both sexes,,1.1 [0.87-1.38],1.09784,0.86728,1.37585,,,
CHILDMORT10TO19,Adolescent mortality rate (per 1 000 age specific cohort),,PUBLISHED,Published,,2021,2021,,EUR,Europe,,CYP,2021,2021,Cyprus,,YEARS15-19,15-19 years,,BTSX,Both sexes,,1.06 [0.81-1.37],1.06206,0.80828,1.37214,,,
CHILDMORT10TO19,Adolescent mortality rate (per 1 000 age specific cohort),,PUBLISHED,Published,,1990,1990,,EUR,Europe,,CYP,1990,1990,Cyprus,,YEARS10-19,10-19 years of age,,FMLE,Female,,2.19 [1.75-2.69],2.18608,1.75042,2.68851,,,
CHILDMORT10TO19,Adolescent mortality rate (per 1 000 age specific cohort),,PUBLISHED,Published,,1991,1991,,EUR,Europe,,CYP,1991,1991,Cyprus,,YEARS10-19,10-19 years of age,,FMLE,Female,,2.27 [1.85-2.76],2.27391,1.85281,2.75939,,,
CHILDMORT10TO19,Adolescent mortality rate (per 1 000 age specific cohort),,PUBLISHED,Published,,1992,1992,,EUR,Europe,,CYP,1992,1992,Cyprus,,YEARS10-19,10-19 years of age,,FMLE,Female,,2.37 [1.95-2.85],2.36654,1.95128,2.84939,,,
CHILDMORT10TO19,Adolescent mortality rate (per 1 000 age specific cohort),,PUBLISHED,Published,,1993,1993,,EUR,Europe,,CYP,1993,1993,Cyprus,,YEARS10-19,10-19 years of age,,FMLE,Female,,2.46 [2.04-2.93],2.45706,2.03815,2.92557,,,
CHILDMORT10TO19,Adolescent mortality rate (per 1 000 age specific cohort),,PUBLISHED,Published,,1994,1994,,EUR,Europe,,CYP,1994,1994,Cyprus,,YEARS10-19,10-19 years of age,,FMLE,Female,,2.53 [2.11-3],2.53418,2.11293,2.99838,,,
CHILDMORT10TO19,Adolescent mortality rate (per 1 000 age specific cohort),,PUBLISHED,Published,,1995,1995,,EUR,Europe,,CYP,1995,1995,Cyprus,,YEARS10-19,10-19 years of age,,FMLE,Female,,2.59 [2.17-3.06],2.58971,2.17433,3.05609,,,
CHILDMORT10TO19,Adolescent mortality rate (per 1 000 age specific cohort),,PUBLISHED,Published,,1996,1996,,EUR,Europe,,CYP,1996,1996,Cyprus,,YEARS10-19,10-19 years of age,,FMLE,Female,,2.63 [2.21-3.1],2.63100,2.21194,3.09970,,,
CHILDMORT10TO19,Adolescent mortality rate (per 1 000 age specific cohort),,PUBLISHED,Published,,1997,1997,,EUR,Europe,,CYP,1997,1997,Cyprus,,YEARS10-19,10-19 years of age,,FMLE,Female,,2.66 [2.24-3.13],2.65746,2.23702,3.13156,,,
CHILDMORT10TO19,Adolescent mortality rate (per 1 000 age specific cohort),,PUBLISHED,Published,,1998,1998,,EUR,Europe,,CYP,1998,1998,Cyprus,,YEARS10-19,10-19 years of age,,FMLE,Female,,2.66 [2.25-3.13],2.65950,2.24633,3.13079,,,
CHILDMORT10TO19,Adolescent mortality rate (per 1 000 age specific cohort),,PUBLISHED,Published,,1999,1999,,EUR,Europe,,CYP,1999,1999,Cyprus,,YEARS10-19,10-19 years of age,,FMLE,Female,,2.65 [2.25-3.11],2.65141,2.24982,3.11136,,,
CHILDMORT10TO19,Adolescent mortality rate (per 1 000 age specific cohort),,PUBLISHED,Published,,2000,2000,,EUR,Europe,,CYP,2000,2000,Cyprus,,YEARS10-19,10-19 years of age,,FMLE,Female,,2.63 [2.24-3.09],2.63004,2.23852,3.08628,,,
CHILDMORT10TO19,Adolescent mortality rate (per 1 000 age specific cohort),,PUBLISHED,Published,,2001,2001,,EUR,Europe,,CYP,2001,2001,Cyprus,,YEARS10-19,10-19 years of age,,FMLE,Female,,2.59 [2.2-3.03],2.58671,2.19550,3.03430,,,
CHILDMORT10TO19,Adolescent mortality rate (per 1 000 age specific cohort),,PUBLISHED,Published,,2002,2002,,EUR,Europe,,CYP,2002,2002,Cyprus,,YEARS10-19,10-19 years of age,,FMLE,Female,,2.52 [2.14-2.95],2.52068,2.13779,2.94773,,,
CHILDMORT10TO19,Adolescent mortality rate (per 1 000 age specific cohort),,PUBLISHED,Published,,2003,2003,,EUR,Europe,,CYP,2003,2003,Cyprus,,YEARS10-19,10-19 years of age,,FMLE,Female,,2.43 [2.06-2.85],2.42702,2.05622,2.84945,,,
CHILDMORT10TO19,Adolescent mortality rate (per 1 000 age specific cohort),,PUBLISHED,Published,,2004,2004,,EUR,Europe,,CYP,2004,2004,Cyprus,,YEARS10-19,10-19 years of age,,FMLE,Female,,2.3 [1.95-2.71],2.30479,1.95331,2.71136,,,
CHILDMORT10TO19,Adolescent mortality rate (per 1 000 age specific cohort),,PUBLISHED,Published,,2005,2005,,EUR,Europe,,CYP,2005,2005,Cyprus,,YEARS10-19,10-19 years of age,,FMLE,Female,,2.17 [1.83-2.55],2.17071,1.83303,2.54757,,,
CHILDMORT10TO19,Adolescent mortality rate (per 1 000 age specific cohort),,PUBLISHED,Published,,2006,2006,,EUR,Europe,,CYP,2006,2006,Cyprus,,YEARS10-19,10-19 years of age,,FMLE,Female,,2.04 [1.72-2.4],2.03639,1.71639,2.40063,,,
CHILDMORT10TO19,Adolescent mortality rate (per 1 000 age specific cohort),,PUBLISHED,Published,,2007,2007,,EUR,Europe,,CYP,2007,2007,Cyprus,,YEARS10-19,10-19 years of age,,FMLE,Female,,1.89 [1.59-2.24],1.89314,1.58730,2.23523,,,
CHILDMORT10TO19,Adolescent mortality rate (per 1 000 age specific cohort),,PUBLISHED,Published,,2008,2008,,EUR,Europe,,CYP,2008,2008,Cyprus,,YEARS10-19,10-19 years of age,,FMLE,Female,,1.76 [1.46-2.09],1.75679,1.45948,2.09407,,,
CHILDMORT10TO19,Adolescent mortality rate (per 1 000 age specific cohort),,PUBLISHED,Published,,2009,2009,,EUR,Europe,,CYP,2009,2009,Cyprus,,YEARS10-19,10-19 years of age,,FMLE,Female,,1.65 [1.36-1.97],1.64649,1.36032,1.96926,,,
CHILDMORT10TO19,Adolescent mortality rate (per 1 000 age specific cohort),,PUBLISHED,Published,,2010,2010,,EUR,Europe,,CYP,2010,2010,Cyprus,,YEARS10-19,10-19 years of age,,FMLE,Female,,1.56 [1.28-1.87],1.55759,1.28312,1.87357,,,
CHILDMORT10TO19,Adolescent mortality rate (per 1 000 age specific cohort),,PUBLISHED,Published,,2011,2011,,EUR,Europe,,CYP,2011,2011,Cyprus,,YEARS10-19,10-19 years of age,,FMLE,Female,,1.49 [1.22-1.8],1.48532,1.21999,1.79680,,,
CHILDMORT10TO19,Adolescent mortality rate (per 1 000 age specific cohort),,PUBLISHED,Published,,2012,2012,,EUR,Europe,,CYP,2012,2012,Cyprus,,YEARS10-19,10-19 years of age,,FMLE,Female,,1.43 [1.17-1.74],1.42776,1.16788,1.73704,,,
CHILDMORT10TO19,Adolescent mortality rate (per 1 000 age specific cohort),,PUBLISHED,Published,,2013,2013,,EUR,Europe,,CYP,2013,2013,Cyprus,,YEARS10-19,10-19 years of age,,FMLE,Female,,1.39 [1.12-1.69],1.38566,1.12273,1.68834,,,
CHILDMORT10TO19,Adolescent mortality rate (per 1 000 age specific cohort),,PUBLISHED,Published,,2014,2014,,EUR,Europe,,CYP,2014,2014,Cyprus,,YEARS10-19,10-19 years of age,,FMLE,Female,,1.35 [1.09-1.66],1.35218,1.09153,1.65692,,,
CHILDMORT10TO19,Adolescent mortality rate (per 1 000 age specific cohort),,PUBLISHED,Published,,2015,2015,,EUR,Europe,,CYP,2015,2015,Cyprus,,YEARS10-19,10-19 years of age,,FMLE,Female,,1.32 [1.06-1.63],1.32356,1.05782,1.63482,,,
CHILDMORT10TO19,Adolescent mortality rate (per 1 000 age specific cohort),,PUBLISHED,Published,,2016,2016,,EUR,Europe,,CYP,2016,2016,Cyprus,,YEARS10-19,10-19 years of age,,FMLE,Female,,1.3 [1.02-1.61],1.29667,1.02369,1.61330,,,
CHILDMORT10TO19,Adolescent mortality rate (per 1 000 age specific cohort),,PUBLISHED,Published,,2017,2017,,EUR,Europe,,CYP,2017,2017,Cyprus,,YEARS10-19,10-19 years of age,,FMLE,Female,,1.27 [0.99-1.6],1.27309,0.98870,1.60313,,,
CHILDMORT10TO19,Adolescent mortality rate (per 1 000 age specific cohort),,PUBLISHED,Published,,2018,2018,,EUR,Europe,,CYP,2018,2018,Cyprus,,YEARS10-19,10-19 years of age,,FMLE,Female,,1.25 [0.95-1.59],1.24878,0.94837,1.59439,,,
CHILDMORT10TO19,Adolescent mortality rate (per 1 000 age specific cohort),,PUBLISHED,Published,,2019,2019,,EUR,Europe,,CYP,2019,2019,Cyprus,,YEARS10-19,10-19 years of age,,FMLE,Female,,1.23 [0.91-1.6],1.22540,0.91426,1.59970,,,
CHILDMORT10TO19,Adolescent mortality rate (per 1 000 age specific cohort),,PUBLISHED,Published,,2020,2020,,EUR,Europe,,CYP,2020,2020,Cyprus,,YEARS10-19,10-19 years of age,,FMLE,Female,,1.2 [0.87-1.6],1.20095,0.87347,1.60026,,,
CHILDMORT10TO19,Adolescent mortality rate (per 1 000 age specific cohort),,PUBLISHED,Published,,2021,2021,,EUR,Europe,,CYP,2021,2021,Cyprus,,YEARS10-19,10-19 years of age,,FMLE,Female,,1.17 [0.84-1.6],1.17149,0.83546,1.59699,,,
CHILDMORT10TO19,Adolescent mortality rate (per 1 000 age specific cohort),,PUBLISHED,Published,,1990,1990,,EUR,Europe,,CYP,1990,1990,Cyprus,,YEARS10-19,10-19 years of age,,MLE,Male,,4.83 [4.14-5.58],4.83438,4.14187,5.58465,,,
CHILDMORT10TO19,Adolescent mortality rate (per 1 000 age specific cohort),,PUBLISHED,Published,,1991,1991,,EUR,Europe,,CYP,1991,1991,Cyprus,,YEARS10-19,10-19 years of age,,MLE,Male,,5.08 [4.44-5.77],5.08023,4.44427,5.77219,,,
CHILDMORT10TO19,Adolescent mortality rate (per 1 000 age specific cohort),,PUBLISHED,Published,,1992,1992,,EUR,Europe,,CYP,1992,1992,Cyprus,,YEARS10-19,10-19 years of age,,MLE,Male,,5.32 [4.72-5.96],5.32257,4.72335,5.95985,,,
CHILDMORT10TO19,Adolescent mortality rate (per 1 000 age specific cohort),,PUBLISHED,Published,,1993,1993,,EUR,Europe,,CYP,1993,1993,Cyprus,,YEARS10-19,10-19 years of age,,MLE,Male,,5.55 [4.96-6.16],5.54902,4.96462,6.15855,,,
CHILDMORT10TO19,Adolescent mortality rate (per 1 000 age specific cohort),,PUBLISHED,Published,,1994,1994,,EUR,Europe,,CYP,1994,1994,Cyprus,,YEARS10-19,10-19 years of age,,MLE,Male,,5.72 [5.15-6.31],5.72362,5.14961,6.31398,,,
CHILDMORT10TO19,Adolescent mortality rate (per 1 000 age specific cohort),,PUBLISHED,Published,,1995,1995,,EUR,Europe,,CYP,1995,1995,Cyprus,,YEARS10-19,10-19 years of age,,MLE,Male,,5.85 [5.28-6.42],5.84565,5.27985,6.42164,,,
CHILDMORT10TO19,Adolescent mortality rate (per 1 000 age specific cohort),,PUBLISHED,Published,,1996,1996,,EUR,Europe,,CYP,1996,1996,Cyprus,,YEARS10-19,10-19 years of age,,MLE,Male,,5.9 [5.35-6.48],5.90347,5.34535,6.47910,,,
CHILDMORT10TO19,Adolescent mortality rate (per 1 000 age specific cohort),,PUBLISHED,Published,,1997,1997,,EUR,Europe,,CYP,1997,1997,Cyprus,,YEARS10-19,10-19 years of age,,MLE,Male,,5.93 [5.37-6.49],5.92631,5.36981,6.48826,,,
CHILDMORT10TO19,Adolescent mortality rate (per 1 000 age specific cohort),,PUBLISHED,Published,,1998,1998,,EUR,Europe,,CYP,1998,1998,Cyprus,,YEARS10-19,10-19 years of age,,MLE,Male,,5.91 [5.36-6.47],5.91199,5.35794,6.47267,,,
CHILDMORT10TO19,Adolescent mortality rate (per 1 000 age specific cohort),,PUBLISHED,Published,,1999,1999,,EUR,Europe,,CYP,1999,1999,Cyprus,,YEARS10-19,10-19 years of age,,MLE,Male,,5.87 [5.32-6.41],5.86646,5.32394,6.41489,,,
CHILDMORT10TO19,Adolescent mortality rate (per 1 000 age specific cohort),,PUBLISHED,Published,,2000,2000,,EUR,Europe,,CYP,2000,2000,Cyprus,,YEARS10-19,10-19 years of age,,MLE,Male,,5.79 [5.26-6.35],5.79191,5.25553,6.34852,,,
CHILDMORT10TO19,Adolescent mortality rate (per 1 000 age specific cohort),,PUBLISHED,Published,,2001,2001,,EUR,Europe,,CYP,2001,2001,Cyprus,,YEARS10-19,10-19 years of age,,MLE,Male,,5.67 [5.14-6.22],5.67119,5.13791,6.22346,,,
CHILDMORT10TO19,Adolescent mortality rate (per 1 000 age specific cohort),,PUBLISHED,Published,,2002,2002,,EUR,Europe,,CYP,2002,2002,Cyprus,,YEARS10-19,10-19 years of age,,MLE,Male,,5.49 [4.97-6.03],5.48574,4.96967,6.02904,,,
CHILDMORT10TO19,Adolescent mortality rate (per 1 000 age specific cohort),,PUBLISHED,Published,,2003,2003,,EUR,Europe,,CYP,2003,2003,Cyprus,,YEARS10-19,10-19 years of age,,MLE,Male,,5.24 [4.74-5.76],5.23798,4.73607,5.75510,,,
CHILDMORT10TO19,Adolescent mortality rate (per 1 000 age specific cohort),,PUBLISHED,Published,,2004,2004,,EUR,Europe,,CYP,2004,2004,Cyprus,,YEARS10-19,10-19 years of age,,MLE,Male,,4.94 [4.45-5.44],4.94235,4.45380,5.43839,,,
CHILDMORT10TO19,Adolescent mortality rate (per 1 000 age specific cohort),,PUBLISHED,Published,,2005,2005,,EUR,Europe,,CYP,2005,2005,Cyprus,,YEARS10-19,10-19 years of age,,MLE,Male,,4.61 [4.14-5.07],4.60681,4.13994,5.07487,,,
CHILDMORT10TO19,Adolescent mortality rate (per 1 000 age specific cohort),,PUBLISHED,Published,,2006,2006,,EUR,Europe,,CYP,2006,2006,Cyprus,,YEARS10-19,10-19 years of age,,MLE,Male,,4.25 [3.8-4.69],4.24962,3.80441,4.69112,,,
CHILDMORT10TO19,Adolescent mortality rate (per 1 000 age specific cohort),,PUBLISHED,Published,,2007,2007,,EUR,Europe,,CYP,2007,2007,Cyprus,,YEARS10-19,10-19 years of age,,MLE,Male,,3.91 [3.49-4.33],3.91426,3.49434,4.33238,,,
CHILDMORT10TO19,Adolescent mortality rate (per 1 000 age specific cohort),,PUBLISHED,Published,,2008,2008,,EUR,Europe,,CYP,2008,2008,Cyprus,,YEARS10-19,10-19 years of age,,MLE,Male,,3.61 [3.2-4.02],3.60888,3.19859,4.01731,,,
CHILDMORT10TO19,Adolescent mortality rate (per 1 000 age specific cohort),,PUBLISHED,Published,,2009,2009,,EUR,Europe,,CYP,2009,2009,Cyprus,,YEARS10-19,10-19 years of age,,MLE,Male,,3.34 [2.95-3.74],3.33991,2.94570,3.74410,,,
CHILDMORT10TO19,Adolescent mortality rate (per 1 000 age specific cohort),,PUBLISHED,Published,,2010,2010,,EUR,Europe,,CYP,2010,2010,Cyprus,,YEARS10-19,10-19 years of age,,MLE,Male,,3.12 [2.74-3.51],3.12123,2.73820,3.50945,,,
CHILDMORT10TO19,Adolescent mortality rate (per 1 000 age specific cohort),,PUBLISHED,Published,,2011,2011,,EUR,Europe,,CYP,2011,2011,Cyprus,,YEARS10-19,10-19 years of age,,MLE,Male,,2.95 [2.58-3.34],2.95310,2.57967,3.33592,,,
CHILDMORT10TO19,Adolescent mortality rate (per 1 000 age specific cohort),,PUBLISHED,Published,,2012,2012,,EUR,Europe,,CYP,2012,2012,Cyprus,,YEARS10-19,10-19 years of age,,MLE,Male,,2.82 [2.45-3.2],2.82408,2.45496,3.20496,,,
CHILDMORT10TO19,Adolescent mortality rate (per 1 000 age specific cohort),,PUBLISHED,Published,,2013,2013,,EUR,Europe,,CYP,2013,2013,Cyprus,,YEARS10-19,10-19 years of age,,MLE,Male,,2.72 [2.35-3.1],2.72374,2.35146,3.10378,,,
CHILDMORT10TO19,Adolescent mortality rate (per 1 000 age specific cohort),,PUBLISHED,Published,,2014,2014,,EUR,Europe,,CYP,2014,2014,Cyprus,,YEARS10-19,10-19 years of age,,MLE,Male,,2.64 [2.27-3.03],2.64364,2.26550,3.02993,,,
CHILDMORT10TO19,Adolescent mortality rate (per 1 000 age specific cohort),,PUBLISHED,Published,,2015,2015,,EUR,Europe,,CYP,2015,2015,Cyprus,,YEARS10-19,10-19 years of age,,MLE,Male,,2.57 [2.19-2.97],2.57296,2.18708,2.97343,,,
CHILDMORT10TO19,Adolescent mortality rate (per 1 000 age specific cohort),,PUBLISHED,Published,,2016,2016,,EUR,Europe,,CYP,2016,2016,Cyprus,,YEARS10-19,10-19 years of age,,MLE,Male,,2.51 [2.12-2.92],2.50965,2.11623,2.92066,,,
CHILDMORT10TO19,Adolescent mortality rate (per 1 000 age specific cohort),,PUBLISHED,Published,,2017,2017,,EUR,Europe,,CYP,2017,2017,Cyprus,,YEARS10-19,10-19 years of age,,MLE,Male,,2.44 [2.03-2.89],2.44204,2.03367,2.88580,,,
CHILDMORT10TO19,Adolescent mortality rate (per 1 000 age specific cohort),,PUBLISHED,Published,,2018,2018,,EUR,Europe,,CYP,2018,2018,Cyprus,,YEARS10-19,10-19 years of age,,MLE,Male,,2.38 [1.94-2.86],2.37840,1.94196,2.85778,,,
CHILDMORT10TO19,Adolescent mortality rate (per 1 000 age specific cohort),,PUBLISHED,Published,,2019,2019,,EUR,Europe,,CYP,2019,2019,Cyprus,,YEARS10-19,10-19 years of age,,MLE,Male,,2.31 [1.85-2.84],2.30950,1.84807,2.84068,,,
CHILDMORT10TO19,Adolescent mortality rate (per 1 000 age specific cohort),,PUBLISHED,Published,,2020,2020,,EUR,Europe,,CYP,2020,2020,Cyprus,,YEARS10-19,10-19 years of age,,MLE,Male,,2.25 [1.75-2.81],2.24732,1.75031,2.81448,,,
CHILDMORT10TO19,Adolescent mortality rate (per 1 000 age specific cohort),,PUBLISHED,Published,,2021,2021,,EUR,Europe,,CYP,2021,2021,Cyprus,,YEARS10-19,10-19 years of age,,MLE,Male,,2.18 [1.66-2.8],2.18311,1.65966,2.79715,,,
CHILDMORT10TO19,Adolescent mortality rate (per 1 000 age specific cohort),,PUBLISHED,Published,,1990,1990,,EUR,Europe,,CYP,1990,1990,Cyprus,,YEARS10-19,10-19 years of age,,BTSX,Both sexes,,3.58 [3.1-4.09],3.57648,3.10366,4.09132,,,
CHILDMORT10TO19,Adolescent mortality rate (per 1 000 age specific cohort),,PUBLISHED,Published,,1991,1991,,EUR,Europe,,CYP,1991,1991,Cyprus,,YEARS10-19,10-19 years of age,,BTSX,Both sexes,,3.74 [3.32-4.2],3.73974,3.31895,4.19525,,,
CHILDMORT10TO19,Adolescent mortality rate (per 1 000 age specific cohort),,PUBLISHED,Published,,1992,1992,,EUR,Europe,,CYP,1992,1992,Cyprus,,YEARS10-19,10-19 years of age,,BTSX,Both sexes,,3.9 [3.52-4.31],3.90095,3.52411,4.31159,,,
CHILDMORT10TO19,Adolescent mortality rate (per 1 000 age specific cohort),,PUBLISHED,Published,,1993,1993,,EUR,Europe,,CYP,1993,1993,Cyprus,,YEARS10-19,10-19 years of age,,BTSX,Both sexes,,4.06 [3.7-4.44],4.05604,3.69873,4.43655,,,
CHILDMORT10TO19,Adolescent mortality rate (per 1 000 age specific cohort),,PUBLISHED,Published,,1994,1994,,EUR,Europe,,CYP,1994,1994,Cyprus,,YEARS10-19,10-19 years of age,,BTSX,Both sexes,,4.19 [3.84-4.54],4.18560,3.84075,4.54327,,,
CHILDMORT10TO19,Adolescent mortality rate (per 1 000 age specific cohort),,PUBLISHED,Published,,1995,1995,,EUR,Europe,,CYP,1995,1995,Cyprus,,YEARS10-19,10-19 years of age,,BTSX,Both sexes,,4.28 [3.95-4.63],4.28300,3.95192,4.63336,,,
CHILDMORT10TO19,Adolescent mortality rate (per 1 000 age specific cohort),,PUBLISHED,Published,,1996,1996,,EUR,Europe,,CYP,1996,1996,Cyprus,,YEARS10-19,10-19 years of age,,BTSX,Both sexes,,4.34 [4.01-4.69],4.34124,4.01014,4.68945,,,
CHILDMORT10TO19,Adolescent mortality rate (per 1 000 age specific cohort),,PUBLISHED,Published,,1997,1997,,EUR,Europe,,CYP,1997,1997,Cyprus,,YEARS10-19,10-19 years of age,,BTSX,Both sexes,,4.37 [4.04-4.71],4.37141,4.04271,4.71392,,,
CHILDMORT10TO19,Adolescent mortality rate (per 1 000 age specific cohort),,PUBLISHED,Published,,1998,1998,,EUR,Europe,,CYP,1998,1998,Cyprus,,YEARS10-19,10-19 years of age,,BTSX,Both sexes,,4.37 [4.04-4.71],4.36608,4.03670,4.70793,,,
CHILDMORT10TO19,Adolescent mortality rate (per 1 000 age specific cohort),,PUBLISHED,Published,,1999,1999,,EUR,Europe,,CYP,1999,1999,Cyprus,,YEARS10-19,10-19 years of age,,BTSX,Both sexes,,4.34 [4-4.68],4.33537,4.00312,4.67924,,,
CHILDMORT10TO19,Adolescent mortality rate (per 1 000 age specific cohort),,PUBLISHED,Published,,2000,2000,,EUR,Europe,,CYP,2000,2000,Cyprus,,YEARS10-19,10-19 years of age,,BTSX,Both sexes,,4.28 [3.96-4.62],4.28003,3.95570,4.62021,,,
CHILDMORT10TO19,Adolescent mortality rate (per 1 000 age specific cohort),,PUBLISHED,Published,,2001,2001,,EUR,Europe,,CYP,2001,2001,Cyprus,,YEARS10-19,10-19 years of age,,BTSX,Both sexes,,4.19 [3.87-4.52],4.18936,3.86784,4.52280,,,
CHILDMORT10TO19,Adolescent mortality rate (per 1 000 age specific cohort),,PUBLISHED,Published,,2002,2002,,EUR,Europe,,CYP,2002,2002,Cyprus,,YEARS10-19,10-19 years of age,,BTSX,Both sexes,,4.06 [3.75-4.39],4.05959,3.74805,4.38940,,,
CHILDMORT10TO19,Adolescent mortality rate (per 1 000 age specific cohort),,PUBLISHED,Published,,2003,2003,,EUR,Europe,,CYP,2003,2003,Cyprus,,YEARS10-19,10-19 years of age,,BTSX,Both sexes,,3.89 [3.59-4.22],3.89169,3.58686,4.21527,,,
CHILDMORT10TO19,Adolescent mortality rate (per 1 000 age specific cohort),,PUBLISHED,Published,,2004,2004,,EUR,Europe,,CYP,2004,2004,Cyprus,,YEARS10-19,10-19 years of age,,BTSX,Both sexes,,3.69 [3.39-4],3.68835,3.39020,3.99644,,,
CHILDMORT10TO19,Adolescent mortality rate (per 1 000 age specific cohort),,PUBLISHED,Published,,2005,2005,,EUR,Europe,,CYP,2005,2005,Cyprus,,YEARS10-19,10-19 years of age,,BTSX,Both sexes,,3.46 [3.17-3.75],3.45795,3.16831,3.75405,,,
CHILDMORT10TO19,Adolescent mortality rate (per 1 000 age specific cohort),,PUBLISHED,Published,,2006,2006,,EUR,Europe,,CYP,2006,2006,Cyprus,,YEARS10-19,10-19 years of age,,BTSX,Both sexes,,3.21 [2.94-3.5],3.21274,2.93593,3.50295,,,
CHILDMORT10TO19,Adolescent mortality rate (per 1 000 age specific cohort),,PUBLISHED,Published,,2007,2007,,EUR,Europe,,CYP,2007,2007,Cyprus,,YEARS10-19,10-19 years of age,,BTSX,Both sexes,,2.97 [2.7-3.25],2.97055,2.70141,3.25023,,,
CHILDMORT10TO19,Adolescent mortality rate (per 1 000 age specific cohort),,PUBLISHED,Published,,2008,2008,,EUR,Europe,,CYP,2008,2008,Cyprus,,YEARS10-19,10-19 years of age,,BTSX,Both sexes,,2.74 [2.48-3.01],2.74371,2.47903,3.01357,,,
CHILDMORT10TO19,Adolescent mortality rate (per 1 000 age specific cohort),,PUBLISHED,Published,,2009,2009,,EUR,Europe,,CYP,2009,2009,Cyprus,,YEARS10-19,10-19 years of age,,BTSX,Both sexes,,2.55 [2.29-2.81],2.54559,2.28978,2.80936,,,
CHILDMORT10TO19,Adolescent mortality rate (per 1 000 age specific cohort),,PUBLISHED,Published,,2010,2010,,EUR,Europe,,CYP,2010,2010,Cyprus,,YEARS10-19,10-19 years of age,,BTSX,Both sexes,,2.38 [2.14-2.64],2.38284,2.13565,2.64077,,,
CHILDMORT10TO19,Adolescent mortality rate (per 1 000 age specific cohort),,PUBLISHED,Published,,2011,2011,,EUR,Europe,,CYP,2011,2011,Cyprus,,YEARS10-19,10-19 years of age,,BTSX,Both sexes,,2.25 [2.02-2.51],2.25349,2.01670,2.50617,,,
CHILDMORT10TO19,Adolescent mortality rate (per 1 000 age specific cohort),,PUBLISHED,Published,,2012,2012,,EUR,Europe,,CYP,2012,2012,Cyprus,,YEARS10-19,10-19 years of age,,BTSX,Both sexes,,2.15 [1.92-2.4],2.15209,1.91896,2.40410,,,
CHILDMORT10TO19,Adolescent mortality rate (per 1 000 age specific cohort),,PUBLISHED,Published,,2013,2013,,EUR,Europe,,CYP,2013,2013,Cyprus,,YEARS10-19,10-19 years of age,,BTSX,Both sexes,,2.08 [1.84-2.33],2.07522,1.83948,2.32789,,,
CHILDMORT10TO19,Adolescent mortality rate (per 1 000 age specific cohort),,PUBLISHED,Published,,2014,2014,,EUR,Europe,,CYP,2014,2014,Cyprus,,YEARS10-19,10-19 years of age,,BTSX,Both sexes,,2.01 [1.77-2.27],2.01471,1.77416,2.27088,,,
CHILDMORT10TO19,Adolescent mortality rate (per 1 000 age specific cohort),,PUBLISHED,Published,,2015,2015,,EUR,Europe,,CYP,2015,2015,Cyprus,,YEARS10-19,10-19 years of age,,BTSX,Both sexes,,1.96 [1.72-2.23],1.96273,1.71729,2.22771,,,
CHILDMORT10TO19,Adolescent mortality rate (per 1 000 age specific cohort),,PUBLISHED,Published,,2016,2016,,EUR,Europe,,CYP,2016,2016,Cyprus,,YEARS10-19,10-19 years of age,,BTSX,Both sexes,,1.92 [1.66-2.2],1.91630,1.65961,2.19696,,,
CHILDMORT10TO19,Adolescent mortality rate (per 1 000 age specific cohort),,PUBLISHED,Published,,2017,2017,,EUR,Europe,,CYP,2017,2017,Cyprus,,YEARS10-19,10-19 years of age,,BTSX,Both sexes,,1.87 [1.6-2.17],1.86986,1.59839,2.17327,,,
CHILDMORT10TO19,Adolescent mortality rate (per 1 000 age specific cohort),,PUBLISHED,Published,,2018,2018,,EUR,Europe,,CYP,2018,2018,Cyprus,,YEARS10-19,10-19 years of age,,BTSX,Both sexes,,1.83 [1.53-2.16],1.82539,1.52974,2.15723,,,
CHILDMORT10TO19,Adolescent mortality rate (per 1 000 age specific cohort),,PUBLISHED,Published,,2019,2019,,EUR,Europe,,CYP,2019,2019,Cyprus,,YEARS10-19,10-19 years of age,,BTSX,Both sexes,,1.78 [1.45-2.15],1.77890,1.45270,2.14885,,,
CHILDMORT10TO19,Adolescent mortality rate (per 1 000 age specific cohort),,PUBLISHED,Published,,2020,2020,,EUR,Europe,,CYP,2020,2020,Cyprus,,YEARS10-19,10-19 years of age,,BTSX,Both sexes,,1.74 [1.38-2.15],1.73542,1.37992,2.14568,,,
CHILDMORT10TO19,Adolescent mortality rate (per 1 000 age specific cohort),,PUBLISHED,Published,,2021,2021,,EUR,Europe,,CYP,2021,2021,Cyprus,,YEARS10-19,10-19 years of age,,BTSX,Both sexes,,1.69 [1.31-2.14],1.68859,1.30849,2.13678,,,
